step,pain,instability,need_for_control,cognitive_load,neurochem_balance,fatigue,env_stress,reg_relief,nut_support,temperature,confinement,social_contact,noise_level,light_level,breathing,cognitive_override,pharmacology,meditation,exercise,glucose_level,tryptophan,tyrosine,hydration,vitamin_b12
1,0.7945157297948177,0.39720140103131113,0.5561152369615381,0.45299388748441116,0.7255010605759201,0.255643725711693,0.3175,0.27,0.7949999999999999,23.0,0.2,0.55,0.3,0.5,0.3,0.3,0.0,0.25,0.1,0.7,0.5,0.5,0.85,0.7
2,0.8428802239889119,0.45066559992863914,0.7016719795655267,0.4958746575936162,0.8195723573442217,0.26662066593066414,0.3175,0.27,0.7949999999999999,23.0,0.2,0.55,0.3,0.5,0.3,0.3,0.0,0.25,0.1,0.7,0.5,0.5,0.85,0.7
3,0.9229971307541243,0.5155764075508024,0.8416779838017701,0.5831377005609547,0.9240939459419306,0.2750999122917247,0.3175,0.27,0.7949999999999999,23.0,0.2,0.55,0.3,0.5,0.3,0.3,0.0,0.25,0.1,0.7,0.5,0.5,0.85,0.7
4,0.9966449992082188,0.5858336680424512,1.0,0.6822064723875255,0.9828196738918131,0.29850299339435943,0.3175,0.27,0.7949999999999999,23.0,0.2,0.55,0.3,0.5,0.3,0.3,0.0,0.25,0.1,0.7,0.5,0.5,0.85,0.7
5,1.0,0.6938975662391932,1.0,0.8008483447084134,1.0,0.34919968461100503,0.3175,0.27,0.7949999999999999,23.0,0.2,0.55,0.3,0.5,0.3,0.3,0.0,0.25,0.1,0.7,0.5,0.5,0.85,0.7
6,1.0,0.806153096437596,1.0,0.9239281148042491,1.0,0.4330459681633583,0.3175,0.27,0.7949999999999999,23.0,0.2,0.55,0.3,0.5,0.3,0.3,0.0,0.25,0.1,0.7,0.5,0.5,0.85,0.7
7,1.0,0.9508871820716859,1.0,1.0,1.0,0.5391414273360619,0.3175,0.27,0.7949999999999999,23.0,0.2,0.55,0.3,0.5,0.3,0.3,0.0,0.25,0.1,0.7,0.5,0.5,0.85,0.7
8,1.0,1.0,1.0,1.0,1.0,0.6348995043415417,0.3175,0.27,0.7949999999999999,23.0,0.2,0.55,0.3,0.5,0.3,0.3,0.0,0.25,0.1,0.7,0.5,0.5,0.85,0.7
9,1.0,1.0,1.0,1.0,1.0,0.7258778909881284,0.3175,0.27,0.7949999999999999,23.0,0.2,0.55,0.3,0.5,0.3,0.3,0.0,0.25,0.1,0.7,0.5,0.5,0.85,0.7
10,1.0,1.0,1.0,1.0,1.0,0.8315553016145426,0.3175,0.27,0.7949999999999999,23.0,0.2,0.55,0.3,0.5,0.3,0.3,0.0,0.25,0.1,0.7,0.5,0.5,0.85,0.7
11,1.0,1.0,1.0,1.0,1.0,0.9398660802923375,0.3175,0.27,0.7949999999999999,23.0,0.2,0.55,0.3,0.5,0.3,0.3,0.0,0.25,0.1,0.7,0.5,0.5,0.85,0.7
12,1.0,1.0,1.0,1.0,1.0,1.0,0.3175,0.27,0.7949999999999999,23.0,0.2,0.55,0.3,0.5,0.3,0.3,0.0,0.25,0.1,0.7,0.5,0.5,0.85,0.7
13,1.0,1.0,1.0,1.0,1.0,1.0,0.3175,0.27,0.7949999999999999,23.0,0.2,0.55,0.3,0.5,0.3,0.3,0.0,0.25,0.1,0.7,0.5,0.5,0.85,0.7
14,1.0,1.0,1.0,1.0,1.0,1.0,0.3175,0.27,0.7949999999999999,23.0,0.2,0.55,0.3,0.5,0.3,0.3,0.0,0.25,0.1,0.7,0.5,0.5,0.85,0.7
15,1.0,1.0,1.0,1.0,1.0,1.0,0.3175,0.27,0.7949999999999999,23.0,0.2,0.55,0.3,0.5,0.3,0.3,0.0,0.25,0.1,0.7,0.5,0.5,0.85,0.7
16,1.0,1.0,1.0,1.0,1.0,1.0,0.3175,0.27,0.7949999999999999,23.0,0.2,0.55,0.3,0.5,0.3,0.3,0.0,0.25,0.1,0.7,0.5,0.5,0.85,0.7
17,1.0,1.0,1.0,1.0,1.0,1.0,0.3175,0.27,0.7949999999999999,23.0,0.2,0.55,0.3,0.5,0.3,0.3,0.0,0.25,0.1,0.7,0.5,0.5,0.85,0.7
18,1.0,1.0,1.0,1.0,1.0,1.0,0.3175,0.27,0.7949999999999999,23.0,0.2,0.55,0.3,0.5,0.3,0.3,0.0,0.25,0.1,0.7,0.5,0.5,0.85,0.7
19,1.0,1.0,1.0,1.0,1.0,1.0,0.3175,0.27,0.7949999999999999,23.0,0.2,0.55,0.3,0.5,0.3,0.3,0.0,0.25,0.1,0.7,0.5,0.5,0.85,0.7
20,1.0,1.0,1.0,1.0,1.0,1.0,0.3175,0.27,0.7949999999999999,23.0,0.2,0.55,0.3,0.5,0.3,0.3,0.0,0.25,0.1,0.7,0.5,0.5,0.85,0.7
21,1.0,1.0,1.0,1.0,1.0,1.0,0.3175,0.27,0.7949999999999999,23.0,0.2,0.55,0.3,0.5,0.3,0.3,0.0,0.25,0.1,0.7,0.5,0.5,0.85,0.7
22,1.0,1.0,1.0,1.0,1.0,1.0,0.3175,0.27,0.7949999999999999,23.0,0.2,0.55,0.3,0.5,0.3,0.3,0.0,0.25,0.1,0.7,0.5,0.5,0.85,0.7
23,1.0,1.0,1.0,1.0,1.0,1.0,0.3175,0.27,0.7949999999999999,23.0,0.2,0.55,0.3,0.5,0.3,0.3,0.0,0.25,0.1,0.7,0.5,0.5,0.85,0.7
24,1.0,1.0,1.0,1.0,1.0,1.0,0.3175,0.27,0.7949999999999999,23.0,0.2,0.55,0.3,0.5,0.3,0.3,0.0,0.25,0.1,0.7,0.5,0.5,0.85,0.7
25,1.0,1.0,1.0,1.0,1.0,1.0,0.3175,0.27,0.7949999999999999,23.0,0.2,0.55,0.3,0.5,0.3,0.3,0.0,0.25,0.1,0.7,0.5,0.5,0.85,0.7
26,1.0,1.0,1.0,1.0,1.0,1.0,0.3175,0.27,0.7949999999999999,23.0,0.2,0.55,0.3,0.5,0.3,0.3,0.0,0.25,0.1,0.7,0.5,0.5,0.85,0.7
27,1.0,1.0,1.0,1.0,1.0,1.0,0.3175,0.27,0.7949999999999999,23.0,0.2,0.55,0.3,0.5,0.3,0.3,0.0,0.25,0.1,0.7,0.5,0.5,0.85,0.7
28,1.0,1.0,1.0,1.0,1.0,1.0,0.3175,0.27,0.7949999999999999,23.0,0.2,0.55,0.3,0.5,0.3,0.3,0.0,0.25,0.1,0.7,0.5,0.5,0.85,0.7
29,1.0,1.0,1.0,1.0,1.0,1.0,0.3175,0.27,0.7949999999999999,23.0,0.2,0.55,0.3,0.5,0.3,0.3,0.0,0.25,0.1,0.7,0.5,0.5,0.85,0.7
30,1.0,1.0,1.0,1.0,1.0,1.0,0.3175,0.27,0.7949999999999999,23.0,0.2,0.55,0.3,0.5,0.3,0.3,0.0,0.25,0.1,0.7,0.5,0.5,0.85,0.7
31,1.0,1.0,1.0,1.0,1.0,1.0,0.3175,0.27,0.7949999999999999,23.0,0.2,0.55,0.3,0.5,0.3,0.3,0.0,0.25,0.1,0.7,0.5,0.5,0.85,0.7
32,1.0,1.0,1.0,1.0,1.0,1.0,0.3175,0.27,0.7949999999999999,23.0,0.2,0.55,0.3,0.5,0.3,0.3,0.0,0.25,0.1,0.7,0.5,0.5,0.85,0.7
33,1.0,1.0,1.0,1.0,1.0,1.0,0.3175,0.27,0.7949999999999999,23.0,0.2,0.55,0.3,0.5,0.3,0.3,0.0,0.25,0.1,0.7,0.5,0.5,0.85,0.7
34,1.0,1.0,1.0,1.0,1.0,1.0,0.3175,0.27,0.7949999999999999,23.0,0.2,0.55,0.3,0.5,0.3,0.3,0.0,0.25,0.1,0.7,0.5,0.5,0.85,0.7
35,1.0,1.0,1.0,1.0,1.0,1.0,0.3175,0.27,0.7949999999999999,23.0,0.2,0.55,0.3,0.5,0.3,0.3,0.0,0.25,0.1,0.7,0.5,0.5,0.85,0.7
36,1.0,1.0,1.0,1.0,1.0,1.0,0.3175,0.27,0.7949999999999999,23.0,0.2,0.55,0.3,0.5,0.3,0.3,0.0,0.25,0.1,0.7,0.5,0.5,0.85,0.7
37,1.0,1.0,1.0,1.0,1.0,1.0,0.3175,0.27,0.7949999999999999,23.0,0.2,0.55,0.3,0.5,0.3,0.3,0.0,0.25,0.1,0.7,0.5,0.5,0.85,0.7
38,1.0,1.0,1.0,1.0,1.0,1.0,0.3175,0.27,0.7949999999999999,23.0,0.2,0.55,0.3,0.5,0.3,0.3,0.0,0.25,0.1,0.7,0.5,0.5,0.85,0.7
39,1.0,1.0,1.0,1.0,1.0,1.0,0.3175,0.27,0.7949999999999999,23.0,0.2,0.55,0.3,0.5,0.3,0.3,0.0,0.25,0.1,0.7,0.5,0.5,0.85,0.7
40,1.0,1.0,1.0,1.0,1.0,1.0,0.3175,0.27,0.7949999999999999,23.0,0.2,0.55,0.3,0.5,0.3,0.3,0.0,0.25,0.1,0.7,0.5,0.5,0.85,0.7
41,1.0,1.0,1.0,1.0,1.0,1.0,0.3175,0.27,0.7949999999999999,23.0,0.2,0.55,0.3,0.5,0.3,0.3,0.0,0.25,0.1,0.7,0.5,0.5,0.85,0.7
42,1.0,1.0,1.0,1.0,1.0,1.0,0.3175,0.27,0.7949999999999999,23.0,0.2,0.55,0.3,0.5,0.3,0.3,0.0,0.25,0.1,0.7,0.5,0.5,0.85,0.7
43,1.0,1.0,1.0,1.0,1.0,1.0,0.3175,0.27,0.7949999999999999,23.0,0.2,0.55,0.3,0.5,0.3,0.3,0.0,0.25,0.1,0.7,0.5,0.5,0.85,0.7
44,1.0,1.0,1.0,1.0,1.0,1.0,0.3175,0.27,0.7949999999999999,23.0,0.2,0.55,0.3,0.5,0.3,0.3,0.0,0.25,0.1,0.7,0.5,0.5,0.85,0.7
45,1.0,1.0,1.0,1.0,1.0,1.0,0.3175,0.27,0.7949999999999999,23.0,0.2,0.55,0.3,0.5,0.3,0.3,0.0,0.25,0.1,0.7,0.5,0.5,0.85,0.7
46,1.0,1.0,1.0,1.0,1.0,1.0,0.3175,0.27,0.7949999999999999,23.0,0.2,0.55,0.3,0.5,0.3,0.3,0.0,0.25,0.1,0.7,0.5,0.5,0.85,0.7
47,1.0,1.0,1.0,1.0,1.0,1.0,0.3175,0.27,0.7949999999999999,23.0,0.2,0.55,0.3,0.5,0.3,0.3,0.0,0.25,0.1,0.7,0.5,0.5,0.85,0.7
48,1.0,1.0,1.0,1.0,1.0,1.0,0.3175,0.27,0.7949999999999999,23.0,0.2,0.55,0.3,0.5,0.3,0.3,0.0,0.25,0.1,0.7,0.5,0.5,0.85,0.7
49,1.0,1.0,1.0,1.0,1.0,1.0,0.3175,0.27,0.7949999999999999,23.0,0.2,0.55,0.3,0.5,0.3,0.3,0.0,0.25,0.1,0.7,0.5,0.5,0.85,0.7
50,1.0,1.0,1.0,1.0,1.0,1.0,0.3175,0.27,0.7949999999999999,23.0,0.2,0.55,0.3,0.5,0.3,0.3,0.0,0.25,0.1,0.7,0.5,0.5,0.85,0.7
51,1.0,1.0,1.0,1.0,1.0,1.0,0.3175,0.27,0.7949999999999999,23.0,0.2,0.55,0.3,0.5,0.3,0.3,0.0,0.25,0.1,0.7,0.5,0.5,0.85,0.7
52,1.0,1.0,1.0,1.0,1.0,1.0,0.3175,0.27,0.7949999999999999,23.0,0.2,0.55,0.3,0.5,0.3,0.3,0.0,0.25,0.1,0.7,0.5,0.5,0.85,0.7
53,1.0,1.0,1.0,1.0,1.0,1.0,0.3175,0.27,0.7949999999999999,23.0,0.2,0.55,0.3,0.5,0.3,0.3,0.0,0.25,0.1,0.7,0.5,0.5,0.85,0.7
54,1.0,1.0,1.0,1.0,1.0,1.0,0.3175,0.27,0.7949999999999999,23.0,0.2,0.55,0.3,0.5,0.3,0.3,0.0,0.25,0.1,0.7,0.5,0.5,0.85,0.7
55,1.0,1.0,1.0,1.0,1.0,1.0,0.3175,0.27,0.7949999999999999,23.0,0.2,0.55,0.3,0.5,0.3,0.3,0.0,0.25,0.1,0.7,0.5,0.5,0.85,0.7
56,1.0,1.0,1.0,1.0,1.0,1.0,0.3175,0.27,0.7949999999999999,23.0,0.2,0.55,0.3,0.5,0.3,0.3,0.0,0.25,0.1,0.7,0.5,0.5,0.85,0.7
57,1.0,1.0,1.0,1.0,1.0,1.0,0.3175,0.27,0.7949999999999999,23.0,0.2,0.55,0.3,0.5,0.3,0.3,0.0,0.25,0.1,0.7,0.5,0.5,0.85,0.7
58,1.0,1.0,1.0,1.0,1.0,1.0,0.3175,0.27,0.7949999999999999,23.0,0.2,0.55,0.3,0.5,0.3,0.3,0.0,0.25,0.1,0.7,0.5,0.5,0.85,0.7
59,1.0,1.0,1.0,1.0,1.0,1.0,0.3175,0.27,0.7949999999999999,23.0,0.2,0.55,0.3,0.5,0.3,0.3,0.0,0.25,0.1,0.7,0.5,0.5,0.85,0.7
60,1.0,1.0,1.0,1.0,1.0,1.0,0.3175,0.27,0.7949999999999999,23.0,0.2,0.55,0.3,0.5,0.3,0.3,0.0,0.25,0.1,0.7,0.5,0.5,0.85,0.7
61,1.0,1.0,1.0,1.0,1.0,1.0,0.3175,0.27,0.7949999999999999,23.0,0.2,0.55,0.3,0.5,0.3,0.3,0.0,0.25,0.1,0.7,0.5,0.5,0.85,0.7
62,1.0,1.0,1.0,1.0,1.0,1.0,0.3175,0.27,0.7949999999999999,23.0,0.2,0.55,0.3,0.5,0.3,0.3,0.0,0.25,0.1,0.7,0.5,0.5,0.85,0.7
63,1.0,1.0,1.0,1.0,1.0,1.0,0.3175,0.27,0.7949999999999999,23.0,0.2,0.55,0.3,0.5,0.3,0.3,0.0,0.25,0.1,0.7,0.5,0.5,0.85,0.7
64,1.0,1.0,1.0,1.0,1.0,1.0,0.3175,0.27,0.7949999999999999,23.0,0.2,0.55,0.3,0.5,0.3,0.3,0.0,0.25,0.1,0.7,0.5,0.5,0.85,0.7
65,1.0,1.0,1.0,1.0,1.0,1.0,0.3175,0.27,0.7949999999999999,23.0,0.2,0.55,0.3,0.5,0.3,0.3,0.0,0.25,0.1,0.7,0.5,0.5,0.85,0.7
66,1.0,1.0,1.0,1.0,1.0,1.0,0.3175,0.27,0.7949999999999999,23.0,0.2,0.55,0.3,0.5,0.3,0.3,0.0,0.25,0.1,0.7,0.5,0.5,0.85,0.7
67,1.0,1.0,1.0,1.0,1.0,1.0,0.3175,0.27,0.7949999999999999,23.0,0.2,0.55,0.3,0.5,0.3,0.3,0.0,0.25,0.1,0.7,0.5,0.5,0.85,0.7
68,1.0,1.0,1.0,1.0,1.0,1.0,0.3175,0.27,0.7949999999999999,23.0,0.2,0.55,0.3,0.5,0.3,0.3,0.0,0.25,0.1,0.7,0.5,0.5,0.85,0.7
69,1.0,1.0,1.0,1.0,1.0,1.0,0.3175,0.27,0.7949999999999999,23.0,0.2,0.55,0.3,0.5,0.3,0.3,0.0,0.25,0.1,0.7,0.5,0.5,0.85,0.7
70,1.0,1.0,1.0,1.0,1.0,1.0,0.3175,0.27,0.7949999999999999,23.0,0.2,0.55,0.3,0.5,0.3,0.3,0.0,0.25,0.1,0.7,0.5,0.5,0.85,0.7
71,1.0,1.0,1.0,1.0,1.0,1.0,0.3175,0.27,0.7949999999999999,23.0,0.2,0.55,0.3,0.5,0.3,0.3,0.0,0.25,0.1,0.7,0.5,0.5,0.85,0.7
72,1.0,1.0,1.0,1.0,1.0,1.0,0.3175,0.27,0.7949999999999999,23.0,0.2,0.55,0.3,0.5,0.3,0.3,0.0,0.25,0.1,0.7,0.5,0.5,0.85,0.7
73,1.0,1.0,1.0,1.0,1.0,1.0,0.3175,0.27,0.7949999999999999,23.0,0.2,0.55,0.3,0.5,0.3,0.3,0.0,0.25,0.1,0.7,0.5,0.5,0.85,0.7
74,1.0,1.0,1.0,1.0,1.0,1.0,0.3175,0.27,0.7949999999999999,23.0,0.2,0.55,0.3,0.5,0.3,0.3,0.0,0.25,0.1,0.7,0.5,0.5,0.85,0.7
75,1.0,1.0,1.0,1.0,1.0,1.0,0.3175,0.27,0.7949999999999999,23.0,0.2,0.55,0.3,0.5,0.3,0.3,0.0,0.25,0.1,0.7,0.5,0.5,0.85,0.7
76,1.0,1.0,1.0,1.0,1.0,1.0,0.3175,0.27,0.7949999999999999,23.0,0.2,0.55,0.3,0.5,0.3,0.3,0.0,0.25,0.1,0.7,0.5,0.5,0.85,0.7
77,1.0,1.0,1.0,1.0,1.0,1.0,0.3175,0.27,0.7949999999999999,23.0,0.2,0.55,0.3,0.5,0.3,0.3,0.0,0.25,0.1,0.7,0.5,0.5,0.85,0.7
78,1.0,1.0,1.0,1.0,1.0,1.0,0.3175,0.27,0.7949999999999999,23.0,0.2,0.55,0.3,0.5,0.3,0.3,0.0,0.25,0.1,0.7,0.5,0.5,0.85,0.7
79,1.0,1.0,1.0,1.0,1.0,1.0,0.3175,0.27,0.7949999999999999,23.0,0.2,0.55,0.3,0.5,0.3,0.3,0.0,0.25,0.1,0.7,0.5,0.5,0.85,0.7
80,1.0,1.0,1.0,1.0,1.0,1.0,0.3175,0.27,0.7949999999999999,23.0,0.2,0.55,0.3,0.5,0.3,0.3,0.0,0.25,0.1,0.7,0.5,0.5,0.85,0.7
81,1.0,1.0,1.0,1.0,1.0,1.0,0.3175,0.27,0.7949999999999999,23.0,0.2,0.55,0.3,0.5,0.3,0.3,0.0,0.25,0.1,0.7,0.5,0.5,0.85,0.7
82,1.0,1.0,1.0,1.0,1.0,1.0,0.3175,0.27,0.7949999999999999,23.0,0.2,0.55,0.3,0.5,0.3,0.3,0.0,0.25,0.1,0.7,0.5,0.5,0.85,0.7
83,1.0,1.0,1.0,1.0,1.0,1.0,0.3175,0.27,0.7949999999999999,23.0,0.2,0.55,0.3,0.5,0.3,0.3,0.0,0.25,0.1,0.7,0.5,0.5,0.85,0.7
84,1.0,1.0,1.0,1.0,1.0,1.0,0.3175,0.27,0.7949999999999999,23.0,0.2,0.55,0.3,0.5,0.3,0.3,0.0,0.25,0.1,0.7,0.5,0.5,0.85,0.7
85,1.0,1.0,1.0,1.0,1.0,1.0,0.3175,0.27,0.7949999999999999,23.0,0.2,0.55,0.3,0.5,0.3,0.3,0.0,0.25,0.1,0.7,0.5,0.5,0.85,0.7
86,1.0,1.0,1.0,1.0,1.0,1.0,0.3175,0.27,0.7949999999999999,23.0,0.2,0.55,0.3,0.5,0.3,0.3,0.0,0.25,0.1,0.7,0.5,0.5,0.85,0.7
87,1.0,1.0,1.0,1.0,1.0,1.0,0.3175,0.27,0.7949999999999999,23.0,0.2,0.55,0.3,0.5,0.3,0.3,0.0,0.25,0.1,0.7,0.5,0.5,0.85,0.7
88,1.0,1.0,1.0,1.0,1.0,1.0,0.3175,0.27,0.7949999999999999,23.0,0.2,0.55,0.3,0.5,0.3,0.3,0.0,0.25,0.1,0.7,0.5,0.5,0.85,0.7
89,1.0,1.0,1.0,1.0,1.0,1.0,0.3175,0.27,0.7949999999999999,23.0,0.2,0.55,0.3,0.5,0.3,0.3,0.0,0.25,0.1,0.7,0.5,0.5,0.85,0.7
90,1.0,1.0,1.0,1.0,1.0,1.0,0.3175,0.27,0.7949999999999999,23.0,0.2,0.55,0.3,0.5,0.3,0.3,0.0,0.25,0.1,0.7,0.5,0.5,0.85,0.7
91,1.0,1.0,1.0,1.0,1.0,1.0,0.3175,0.27,0.7949999999999999,23.0,0.2,0.55,0.3,0.5,0.3,0.3,0.0,0.25,0.1,0.7,0.5,0.5,0.85,0.7
92,1.0,1.0,1.0,1.0,1.0,1.0,0.3175,0.27,0.7949999999999999,23.0,0.2,0.55,0.3,0.5,0.3,0.3,0.0,0.25,0.1,0.7,0.5,0.5,0.85,0.7
93,1.0,1.0,1.0,1.0,1.0,1.0,0.3175,0.27,0.7949999999999999,23.0,0.2,0.55,0.3,0.5,0.3,0.3,0.0,0.25,0.1,0.7,0.5,0.5,0.85,0.7
94,1.0,1.0,1.0,1.0,1.0,1.0,0.3175,0.27,0.7949999999999999,23.0,0.2,0.55,0.3,0.5,0.3,0.3,0.0,0.25,0.1,0.7,0.5,0.5,0.85,0.7
95,1.0,1.0,1.0,1.0,1.0,1.0,0.3175,0.27,0.7949999999999999,23.0,0.2,0.55,0.3,0.5,0.3,0.3,0.0,0.25,0.1,0.7,0.5,0.5,0.85,0.7
96,1.0,1.0,1.0,1.0,1.0,1.0,0.3175,0.27,0.7949999999999999,23.0,0.2,0.55,0.3,0.5,0.3,0.3,0.0,0.25,0.1,0.7,0.5,0.5,0.85,0.7
97,1.0,1.0,1.0,1.0,1.0,1.0,0.3175,0.27,0.7949999999999999,23.0,0.2,0.55,0.3,0.5,0.3,0.3,0.0,0.25,0.1,0.7,0.5,0.5,0.85,0.7
98,1.0,1.0,1.0,1.0,1.0,1.0,0.3175,0.27,0.7949999999999999,23.0,0.2,0.55,0.3,0.5,0.3,0.3,0.0,0.25,0.1,0.7,0.5,0.5,0.85,0.7
99,1.0,1.0,1.0,1.0,1.0,1.0,0.3175,0.27,0.7949999999999999,23.0,0.2,0.55,0.3,0.5,0.3,0.3,0.0,0.25,0.1,0.7,0.5,0.5,0.85,0.7
100,1.0,1.0,1.0,1.0,1.0,1.0,0.3175,0.27,0.7949999999999999,23.0,0.2,0.55,0.3,0.5,0.3,0.3,0.0,0.25,0.1,0.7,0.5,0.5,0.85,0.7
101,1.0,1.0,1.0,1.0,1.0,1.0,0.3175,0.27,0.7949999999999999,23.0,0.2,0.55,0.3,0.5,0.3,0.3,0.0,0.25,0.1,0.7,0.5,0.5,0.85,0.7
102,1.0,1.0,1.0,1.0,1.0,1.0,0.3175,0.27,0.7949999999999999,23.0,0.2,0.55,0.3,0.5,0.3,0.3,0.0,0.25,0.1,0.7,0.5,0.5,0.85,0.7
103,1.0,1.0,1.0,1.0,1.0,1.0,0.3175,0.27,0.7949999999999999,23.0,0.2,0.55,0.3,0.5,0.3,0.3,0.0,0.25,0.1,0.7,0.5,0.5,0.85,0.7
104,1.0,1.0,1.0,1.0,1.0,1.0,0.3175,0.27,0.7949999999999999,23.0,0.2,0.55,0.3,0.5,0.3,0.3,0.0,0.25,0.1,0.7,0.5,0.5,0.85,0.7
105,1.0,1.0,1.0,1.0,1.0,1.0,0.3175,0.27,0.7949999999999999,23.0,0.2,0.55,0.3,0.5,0.3,0.3,0.0,0.25,0.1,0.7,0.5,0.5,0.85,0.7
106,1.0,1.0,1.0,1.0,1.0,1.0,0.3175,0.27,0.7949999999999999,23.0,0.2,0.55,0.3,0.5,0.3,0.3,0.0,0.25,0.1,0.7,0.5,0.5,0.85,0.7
107,1.0,1.0,1.0,1.0,1.0,1.0,0.3175,0.27,0.7949999999999999,23.0,0.2,0.55,0.3,0.5,0.3,0.3,0.0,0.25,0.1,0.7,0.5,0.5,0.85,0.7
108,1.0,1.0,1.0,1.0,1.0,1.0,0.3175,0.27,0.7949999999999999,23.0,0.2,0.55,0.3,0.5,0.3,0.3,0.0,0.25,0.1,0.7,0.5,0.5,0.85,0.7
109,1.0,1.0,1.0,1.0,1.0,1.0,0.3175,0.27,0.7949999999999999,23.0,0.2,0.55,0.3,0.5,0.3,0.3,0.0,0.25,0.1,0.7,0.5,0.5,0.85,0.7
110,1.0,1.0,1.0,1.0,1.0,1.0,0.3175,0.27,0.7949999999999999,23.0,0.2,0.55,0.3,0.5,0.3,0.3,0.0,0.25,0.1,0.7,0.5,0.5,0.85,0.7
111,1.0,1.0,1.0,1.0,1.0,1.0,0.3175,0.27,0.7949999999999999,23.0,0.2,0.55,0.3,0.5,0.3,0.3,0.0,0.25,0.1,0.7,0.5,0.5,0.85,0.7
112,1.0,1.0,1.0,1.0,1.0,1.0,0.3175,0.27,0.7949999999999999,23.0,0.2,0.55,0.3,0.5,0.3,0.3,0.0,0.25,0.1,0.7,0.5,0.5,0.85,0.7
113,1.0,1.0,1.0,1.0,1.0,1.0,0.3175,0.27,0.7949999999999999,23.0,0.2,0.55,0.3,0.5,0.3,0.3,0.0,0.25,0.1,0.7,0.5,0.5,0.85,0.7
114,1.0,1.0,1.0,1.0,1.0,1.0,0.3175,0.27,0.7949999999999999,23.0,0.2,0.55,0.3,0.5,0.3,0.3,0.0,0.25,0.1,0.7,0.5,0.5,0.85,0.7
115,1.0,1.0,1.0,1.0,1.0,1.0,0.3175,0.27,0.7949999999999999,23.0,0.2,0.55,0.3,0.5,0.3,0.3,0.0,0.25,0.1,0.7,0.5,0.5,0.85,0.7
116,1.0,1.0,1.0,1.0,1.0,1.0,0.3175,0.27,0.7949999999999999,23.0,0.2,0.55,0.3,0.5,0.3,0.3,0.0,0.25,0.1,0.7,0.5,0.5,0.85,0.7
117,1.0,1.0,1.0,1.0,1.0,1.0,0.3175,0.27,0.7949999999999999,23.0,0.2,0.55,0.3,0.5,0.3,0.3,0.0,0.25,0.1,0.7,0.5,0.5,0.85,0.7
118,1.0,1.0,1.0,1.0,1.0,1.0,0.3175,0.27,0.7949999999999999,23.0,0.2,0.55,0.3,0.5,0.3,0.3,0.0,0.25,0.1,0.7,0.5,0.5,0.85,0.7
119,1.0,1.0,1.0,1.0,1.0,1.0,0.3175,0.27,0.7949999999999999,23.0,0.2,0.55,0.3,0.5,0.3,0.3,0.0,0.25,0.1,0.7,0.5,0.5,0.85,0.7
120,1.0,1.0,1.0,1.0,1.0,1.0,0.3175,0.27,0.7949999999999999,23.0,0.2,0.55,0.3,0.5,0.3,0.3,0.0,0.25,0.1,0.7,0.5,0.5,0.85,0.7
121,1.0,1.0,1.0,1.0,1.0,1.0,0.3175,0.27,0.7949999999999999,23.0,0.2,0.55,0.3,0.5,0.3,0.3,0.0,0.25,0.1,0.7,0.5,0.5,0.85,0.7
122,1.0,1.0,1.0,1.0,1.0,1.0,0.3175,0.27,0.7949999999999999,23.0,0.2,0.55,0.3,0.5,0.3,0.3,0.0,0.25,0.1,0.7,0.5,0.5,0.85,0.7
123,1.0,1.0,1.0,1.0,1.0,1.0,0.3175,0.27,0.7949999999999999,23.0,0.2,0.55,0.3,0.5,0.3,0.3,0.0,0.25,0.1,0.7,0.5,0.5,0.85,0.7
124,1.0,1.0,1.0,1.0,1.0,1.0,0.3175,0.27,0.7949999999999999,23.0,0.2,0.55,0.3,0.5,0.3,0.3,0.0,0.25,0.1,0.7,0.5,0.5,0.85,0.7
125,1.0,1.0,1.0,1.0,1.0,1.0,0.3175,0.27,0.7949999999999999,23.0,0.2,0.55,0.3,0.5,0.3,0.3,0.0,0.25,0.1,0.7,0.5,0.5,0.85,0.7
126,1.0,1.0,1.0,1.0,1.0,1.0,0.3175,0.27,0.7949999999999999,23.0,0.2,0.55,0.3,0.5,0.3,0.3,0.0,0.25,0.1,0.7,0.5,0.5,0.85,0.7
127,1.0,1.0,1.0,1.0,1.0,1.0,0.3175,0.27,0.7949999999999999,23.0,0.2,0.55,0.3,0.5,0.3,0.3,0.0,0.25,0.1,0.7,0.5,0.5,0.85,0.7
128,1.0,1.0,1.0,1.0,1.0,1.0,0.3175,0.27,0.7949999999999999,23.0,0.2,0.55,0.3,0.5,0.3,0.3,0.0,0.25,0.1,0.7,0.5,0.5,0.85,0.7
129,1.0,1.0,1.0,1.0,1.0,1.0,0.3175,0.27,0.7949999999999999,23.0,0.2,0.55,0.3,0.5,0.3,0.3,0.0,0.25,0.1,0.7,0.5,0.5,0.85,0.7
130,1.0,1.0,1.0,1.0,1.0,1.0,0.3175,0.27,0.7949999999999999,23.0,0.2,0.55,0.3,0.5,0.3,0.3,0.0,0.25,0.1,0.7,0.5,0.5,0.85,0.7
131,1.0,1.0,1.0,1.0,1.0,1.0,0.3175,0.27,0.7949999999999999,23.0,0.2,0.55,0.3,0.5,0.3,0.3,0.0,0.25,0.1,0.7,0.5,0.5,0.85,0.7
132,1.0,1.0,1.0,1.0,1.0,1.0,0.3175,0.27,0.7949999999999999,23.0,0.2,0.55,0.3,0.5,0.3,0.3,0.0,0.25,0.1,0.7,0.5,0.5,0.85,0.7
133,1.0,1.0,1.0,1.0,1.0,1.0,0.3175,0.27,0.7949999999999999,23.0,0.2,0.55,0.3,0.5,0.3,0.3,0.0,0.25,0.1,0.7,0.5,0.5,0.85,0.7
134,1.0,1.0,1.0,1.0,1.0,1.0,0.3175,0.27,0.7949999999999999,23.0,0.2,0.55,0.3,0.5,0.3,0.3,0.0,0.25,0.1,0.7,0.5,0.5,0.85,0.7
135,1.0,1.0,1.0,1.0,1.0,1.0,0.3175,0.27,0.7949999999999999,23.0,0.2,0.55,0.3,0.5,0.3,0.3,0.0,0.25,0.1,0.7,0.5,0.5,0.85,0.7
136,1.0,1.0,1.0,1.0,1.0,1.0,0.3175,0.27,0.7949999999999999,23.0,0.2,0.55,0.3,0.5,0.3,0.3,0.0,0.25,0.1,0.7,0.5,0.5,0.85,0.7
137,1.0,1.0,1.0,1.0,1.0,1.0,0.3175,0.27,0.7949999999999999,23.0,0.2,0.55,0.3,0.5,0.3,0.3,0.0,0.25,0.1,0.7,0.5,0.5,0.85,0.7
138,1.0,1.0,1.0,1.0,1.0,1.0,0.3175,0.27,0.7949999999999999,23.0,0.2,0.55,0.3,0.5,0.3,0.3,0.0,0.25,0.1,0.7,0.5,0.5,0.85,0.7
139,1.0,1.0,1.0,1.0,1.0,1.0,0.3175,0.27,0.7949999999999999,23.0,0.2,0.55,0.3,0.5,0.3,0.3,0.0,0.25,0.1,0.7,0.5,0.5,0.85,0.7
140,1.0,1.0,1.0,1.0,1.0,1.0,0.3175,0.27,0.7949999999999999,23.0,0.2,0.55,0.3,0.5,0.3,0.3,0.0,0.25,0.1,0.7,0.5,0.5,0.85,0.7
141,1.0,1.0,1.0,1.0,1.0,1.0,0.3175,0.27,0.7949999999999999,23.0,0.2,0.55,0.3,0.5,0.3,0.3,0.0,0.25,0.1,0.7,0.5,0.5,0.85,0.7
142,1.0,1.0,1.0,1.0,1.0,1.0,0.3175,0.27,0.7949999999999999,23.0,0.2,0.55,0.3,0.5,0.3,0.3,0.0,0.25,0.1,0.7,0.5,0.5,0.85,0.7
143,1.0,1.0,1.0,1.0,1.0,1.0,0.3175,0.27,0.7949999999999999,23.0,0.2,0.55,0.3,0.5,0.3,0.3,0.0,0.25,0.1,0.7,0.5,0.5,0.85,0.7
144,1.0,1.0,1.0,1.0,1.0,1.0,0.3175,0.27,0.7949999999999999,23.0,0.2,0.55,0.3,0.5,0.3,0.3,0.0,0.25,0.1,0.7,0.5,0.5,0.85,0.7
145,1.0,1.0,1.0,1.0,1.0,1.0,0.3175,0.27,0.7949999999999999,23.0,0.2,0.55,0.3,0.5,0.3,0.3,0.0,0.25,0.1,0.7,0.5,0.5,0.85,0.7
146,1.0,1.0,1.0,1.0,1.0,1.0,0.3175,0.27,0.7949999999999999,23.0,0.2,0.55,0.3,0.5,0.3,0.3,0.0,0.25,0.1,0.7,0.5,0.5,0.85,0.7
147,1.0,1.0,1.0,1.0,1.0,1.0,0.3175,0.27,0.7949999999999999,23.0,0.2,0.55,0.3,0.5,0.3,0.3,0.0,0.25,0.1,0.7,0.5,0.5,0.85,0.7
148,1.0,1.0,1.0,1.0,1.0,1.0,0.3175,0.27,0.7949999999999999,23.0,0.2,0.55,0.3,0.5,0.3,0.3,0.0,0.25,0.1,0.7,0.5,0.5,0.85,0.7
149,1.0,1.0,1.0,1.0,1.0,1.0,0.3175,0.27,0.7949999999999999,23.0,0.2,0.55,0.3,0.5,0.3,0.3,0.0,0.25,0.1,0.7,0.5,0.5,0.85,0.7
150,1.0,1.0,1.0,1.0,1.0,1.0,0.3175,0.27,0.7949999999999999,23.0,0.2,0.55,0.3,0.5,0.3,0.3,0.0,0.25,0.1,0.7,0.5,0.5,0.85,0.7
151,1.0,1.0,1.0,1.0,1.0,1.0,0.3175,0.27,0.7949999999999999,23.0,0.2,0.55,0.3,0.5,0.3,0.3,0.0,0.25,0.1,0.7,0.5,0.5,0.85,0.7
152,1.0,1.0,1.0,1.0,1.0,1.0,0.3175,0.27,0.7949999999999999,23.0,0.2,0.55,0.3,0.5,0.3,0.3,0.0,0.25,0.1,0.7,0.5,0.5,0.85,0.7
153,1.0,1.0,1.0,1.0,1.0,1.0,0.3175,0.27,0.7949999999999999,23.0,0.2,0.55,0.3,0.5,0.3,0.3,0.0,0.25,0.1,0.7,0.5,0.5,0.85,0.7
154,1.0,1.0,1.0,1.0,1.0,1.0,0.3175,0.27,0.7949999999999999,23.0,0.2,0.55,0.3,0.5,0.3,0.3,0.0,0.25,0.1,0.7,0.5,0.5,0.85,0.7
155,1.0,1.0,1.0,1.0,1.0,1.0,0.3175,0.27,0.7949999999999999,23.0,0.2,0.55,0.3,0.5,0.3,0.3,0.0,0.25,0.1,0.7,0.5,0.5,0.85,0.7
156,1.0,1.0,1.0,1.0,1.0,1.0,0.3175,0.27,0.7949999999999999,23.0,0.2,0.55,0.3,0.5,0.3,0.3,0.0,0.25,0.1,0.7,0.5,0.5,0.85,0.7
157,1.0,1.0,1.0,1.0,1.0,1.0,0.3175,0.27,0.7949999999999999,23.0,0.2,0.55,0.3,0.5,0.3,0.3,0.0,0.25,0.1,0.7,0.5,0.5,0.85,0.7
158,1.0,1.0,1.0,1.0,1.0,1.0,0.3175,0.27,0.7949999999999999,23.0,0.2,0.55,0.3,0.5,0.3,0.3,0.0,0.25,0.1,0.7,0.5,0.5,0.85,0.7
159,1.0,1.0,1.0,1.0,1.0,1.0,0.3175,0.27,0.7949999999999999,23.0,0.2,0.55,0.3,0.5,0.3,0.3,0.0,0.25,0.1,0.7,0.5,0.5,0.85,0.7
160,1.0,1.0,1.0,1.0,1.0,1.0,0.3175,0.27,0.7949999999999999,23.0,0.2,0.55,0.3,0.5,0.3,0.3,0.0,0.25,0.1,0.7,0.5,0.5,0.85,0.7
161,1.0,1.0,1.0,1.0,1.0,1.0,0.3175,0.27,0.7949999999999999,23.0,0.2,0.55,0.3,0.5,0.3,0.3,0.0,0.25,0.1,0.7,0.5,0.5,0.85,0.7
162,1.0,1.0,1.0,1.0,1.0,1.0,0.3175,0.27,0.7949999999999999,23.0,0.2,0.55,0.3,0.5,0.3,0.3,0.0,0.25,0.1,0.7,0.5,0.5,0.85,0.7
163,1.0,1.0,1.0,1.0,1.0,1.0,0.3175,0.27,0.7949999999999999,23.0,0.2,0.55,0.3,0.5,0.3,0.3,0.0,0.25,0.1,0.7,0.5,0.5,0.85,0.7
164,1.0,1.0,1.0,1.0,1.0,1.0,0.3175,0.27,0.7949999999999999,23.0,0.2,0.55,0.3,0.5,0.3,0.3,0.0,0.25,0.1,0.7,0.5,0.5,0.85,0.7
165,1.0,1.0,1.0,1.0,1.0,1.0,0.3175,0.27,0.7949999999999999,23.0,0.2,0.55,0.3,0.5,0.3,0.3,0.0,0.25,0.1,0.7,0.5,0.5,0.85,0.7
166,1.0,1.0,1.0,1.0,1.0,1.0,0.3175,0.27,0.7949999999999999,23.0,0.2,0.55,0.3,0.5,0.3,0.3,0.0,0.25,0.1,0.7,0.5,0.5,0.85,0.7
167,1.0,1.0,1.0,1.0,1.0,1.0,0.3175,0.27,0.7949999999999999,23.0,0.2,0.55,0.3,0.5,0.3,0.3,0.0,0.25,0.1,0.7,0.5,0.5,0.85,0.7
168,1.0,1.0,1.0,1.0,1.0,1.0,0.3175,0.27,0.7949999999999999,23.0,0.2,0.55,0.3,0.5,0.3,0.3,0.0,0.25,0.1,0.7,0.5,0.5,0.85,0.7
169,1.0,1.0,1.0,1.0,1.0,1.0,0.3175,0.27,0.7949999999999999,23.0,0.2,0.55,0.3,0.5,0.3,0.3,0.0,0.25,0.1,0.7,0.5,0.5,0.85,0.7
170,1.0,1.0,1.0,1.0,1.0,1.0,0.3175,0.27,0.7949999999999999,23.0,0.2,0.55,0.3,0.5,0.3,0.3,0.0,0.25,0.1,0.7,0.5,0.5,0.85,0.7
171,1.0,1.0,1.0,1.0,1.0,1.0,0.3175,0.27,0.7949999999999999,23.0,0.2,0.55,0.3,0.5,0.3,0.3,0.0,0.25,0.1,0.7,0.5,0.5,0.85,0.7
172,1.0,1.0,1.0,1.0,1.0,1.0,0.3175,0.27,0.7949999999999999,23.0,0.2,0.55,0.3,0.5,0.3,0.3,0.0,0.25,0.1,0.7,0.5,0.5,0.85,0.7
173,1.0,1.0,1.0,1.0,1.0,1.0,0.3175,0.27,0.7949999999999999,23.0,0.2,0.55,0.3,0.5,0.3,0.3,0.0,0.25,0.1,0.7,0.5,0.5,0.85,0.7
174,1.0,1.0,1.0,1.0,1.0,1.0,0.3175,0.27,0.7949999999999999,23.0,0.2,0.55,0.3,0.5,0.3,0.3,0.0,0.25,0.1,0.7,0.5,0.5,0.85,0.7
175,1.0,1.0,1.0,1.0,1.0,1.0,0.3175,0.27,0.7949999999999999,23.0,0.2,0.55,0.3,0.5,0.3,0.3,0.0,0.25,0.1,0.7,0.5,0.5,0.85,0.7
176,1.0,1.0,1.0,1.0,1.0,1.0,0.3175,0.27,0.7949999999999999,23.0,0.2,0.55,0.3,0.5,0.3,0.3,0.0,0.25,0.1,0.7,0.5,0.5,0.85,0.7
177,1.0,1.0,1.0,1.0,1.0,1.0,0.3175,0.27,0.7949999999999999,23.0,0.2,0.55,0.3,0.5,0.3,0.3,0.0,0.25,0.1,0.7,0.5,0.5,0.85,0.7
178,1.0,1.0,1.0,1.0,1.0,1.0,0.3175,0.27,0.7949999999999999,23.0,0.2,0.55,0.3,0.5,0.3,0.3,0.0,0.25,0.1,0.7,0.5,0.5,0.85,0.7
179,1.0,1.0,1.0,1.0,1.0,1.0,0.3175,0.27,0.7949999999999999,23.0,0.2,0.55,0.3,0.5,0.3,0.3,0.0,0.25,0.1,0.7,0.5,0.5,0.85,0.7
180,1.0,1.0,1.0,1.0,1.0,1.0,0.3175,0.27,0.7949999999999999,23.0,0.2,0.55,0.3,0.5,0.3,0.3,0.0,0.25,0.1,0.7,0.5,0.5,0.85,0.7
181,1.0,1.0,1.0,1.0,1.0,1.0,0.3175,0.27,0.7949999999999999,23.0,0.2,0.55,0.3,0.5,0.3,0.3,0.0,0.25,0.1,0.7,0.5,0.5,0.85,0.7
182,1.0,1.0,1.0,1.0,1.0,1.0,0.3175,0.27,0.7949999999999999,23.0,0.2,0.55,0.3,0.5,0.3,0.3,0.0,0.25,0.1,0.7,0.5,0.5,0.85,0.7
183,1.0,1.0,1.0,1.0,1.0,1.0,0.3175,0.27,0.7949999999999999,23.0,0.2,0.55,0.3,0.5,0.3,0.3,0.0,0.25,0.1,0.7,0.5,0.5,0.85,0.7
184,1.0,1.0,1.0,1.0,1.0,1.0,0.3175,0.27,0.7949999999999999,23.0,0.2,0.55,0.3,0.5,0.3,0.3,0.0,0.25,0.1,0.7,0.5,0.5,0.85,0.7
185,1.0,1.0,1.0,1.0,1.0,1.0,0.3175,0.27,0.7949999999999999,23.0,0.2,0.55,0.3,0.5,0.3,0.3,0.0,0.25,0.1,0.7,0.5,0.5,0.85,0.7
186,1.0,1.0,1.0,1.0,1.0,1.0,0.3175,0.27,0.7949999999999999,23.0,0.2,0.55,0.3,0.5,0.3,0.3,0.0,0.25,0.1,0.7,0.5,0.5,0.85,0.7
187,1.0,1.0,1.0,1.0,1.0,1.0,0.3175,0.27,0.7949999999999999,23.0,0.2,0.55,0.3,0.5,0.3,0.3,0.0,0.25,0.1,0.7,0.5,0.5,0.85,0.7
188,1.0,1.0,1.0,1.0,1.0,1.0,0.3175,0.27,0.7949999999999999,23.0,0.2,0.55,0.3,0.5,0.3,0.3,0.0,0.25,0.1,0.7,0.5,0.5,0.85,0.7
189,1.0,1.0,1.0,1.0,1.0,1.0,0.3175,0.27,0.7949999999999999,23.0,0.2,0.55,0.3,0.5,0.3,0.3,0.0,0.25,0.1,0.7,0.5,0.5,0.85,0.7
190,1.0,1.0,1.0,1.0,1.0,1.0,0.3175,0.27,0.7949999999999999,23.0,0.2,0.55,0.3,0.5,0.3,0.3,0.0,0.25,0.1,0.7,0.5,0.5,0.85,0.7
191,1.0,1.0,1.0,1.0,1.0,1.0,0.3175,0.27,0.7949999999999999,23.0,0.2,0.55,0.3,0.5,0.3,0.3,0.0,0.25,0.1,0.7,0.5,0.5,0.85,0.7
192,1.0,1.0,1.0,1.0,1.0,1.0,0.3175,0.27,0.7949999999999999,23.0,0.2,0.55,0.3,0.5,0.3,0.3,0.0,0.25,0.1,0.7,0.5,0.5,0.85,0.7
193,1.0,1.0,1.0,1.0,1.0,1.0,0.3175,0.27,0.7949999999999999,23.0,0.2,0.55,0.3,0.5,0.3,0.3,0.0,0.25,0.1,0.7,0.5,0.5,0.85,0.7
194,1.0,1.0,1.0,1.0,1.0,1.0,0.3175,0.27,0.7949999999999999,23.0,0.2,0.55,0.3,0.5,0.3,0.3,0.0,0.25,0.1,0.7,0.5,0.5,0.85,0.7
195,1.0,1.0,1.0,1.0,1.0,1.0,0.3175,0.27,0.7949999999999999,23.0,0.2,0.55,0.3,0.5,0.3,0.3,0.0,0.25,0.1,0.7,0.5,0.5,0.85,0.7
196,1.0,1.0,1.0,1.0,1.0,1.0,0.3175,0.27,0.7949999999999999,23.0,0.2,0.55,0.3,0.5,0.3,0.3,0.0,0.25,0.1,0.7,0.5,0.5,0.85,0.7
197,1.0,1.0,1.0,1.0,1.0,1.0,0.3175,0.27,0.7949999999999999,23.0,0.2,0.55,0.3,0.5,0.3,0.3,0.0,0.25,0.1,0.7,0.5,0.5,0.85,0.7
198,1.0,1.0,1.0,1.0,1.0,1.0,0.3175,0.27,0.7949999999999999,23.0,0.2,0.55,0.3,0.5,0.3,0.3,0.0,0.25,0.1,0.7,0.5,0.5,0.85,0.7
199,1.0,1.0,1.0,1.0,1.0,1.0,0.3175,0.27,0.7949999999999999,23.0,0.2,0.55,0.3,0.5,0.3,0.3,0.0,0.25,0.1,0.7,0.5,0.5,0.85,0.7
200,1.0,1.0,1.0,1.0,1.0,1.0,0.3175,0.27,0.7949999999999999,23.0,0.2,0.55,0.3,0.5,0.3,0.3,0.0,0.25,0.1,0.7,0.5,0.5,0.85,0.7
201,1.0,1.0,1.0,1.0,1.0,1.0,0.3175,0.27,0.7949999999999999,23.0,0.2,0.55,0.3,0.5,0.3,0.3,0.0,0.25,0.1,0.7,0.5,0.5,0.85,0.7
202,1.0,1.0,1.0,1.0,1.0,1.0,0.3175,0.27,0.7949999999999999,23.0,0.2,0.55,0.3,0.5,0.3,0.3,0.0,0.25,0.1,0.7,0.5,0.5,0.85,0.7
203,1.0,1.0,1.0,1.0,1.0,1.0,0.3175,0.27,0.7949999999999999,23.0,0.2,0.55,0.3,0.5,0.3,0.3,0.0,0.25,0.1,0.7,0.5,0.5,0.85,0.7
204,1.0,1.0,1.0,1.0,1.0,1.0,0.3175,0.27,0.7949999999999999,23.0,0.2,0.55,0.3,0.5,0.3,0.3,0.0,0.25,0.1,0.7,0.5,0.5,0.85,0.7
205,1.0,1.0,1.0,1.0,1.0,1.0,0.3175,0.27,0.7949999999999999,23.0,0.2,0.55,0.3,0.5,0.3,0.3,0.0,0.25,0.1,0.7,0.5,0.5,0.85,0.7
206,1.0,1.0,1.0,1.0,1.0,1.0,0.3175,0.27,0.7949999999999999,23.0,0.2,0.55,0.3,0.5,0.3,0.3,0.0,0.25,0.1,0.7,0.5,0.5,0.85,0.7
207,1.0,1.0,1.0,1.0,1.0,1.0,0.3175,0.27,0.7949999999999999,23.0,0.2,0.55,0.3,0.5,0.3,0.3,0.0,0.25,0.1,0.7,0.5,0.5,0.85,0.7
208,1.0,1.0,1.0,1.0,1.0,1.0,0.3175,0.27,0.7949999999999999,23.0,0.2,0.55,0.3,0.5,0.3,0.3,0.0,0.25,0.1,0.7,0.5,0.5,0.85,0.7
209,1.0,1.0,1.0,1.0,1.0,1.0,0.3175,0.27,0.7949999999999999,23.0,0.2,0.55,0.3,0.5,0.3,0.3,0.0,0.25,0.1,0.7,0.5,0.5,0.85,0.7
210,1.0,1.0,1.0,1.0,1.0,1.0,0.3175,0.27,0.7949999999999999,23.0,0.2,0.55,0.3,0.5,0.3,0.3,0.0,0.25,0.1,0.7,0.5,0.5,0.85,0.7
211,1.0,1.0,1.0,1.0,1.0,1.0,0.3175,0.27,0.7949999999999999,23.0,0.2,0.55,0.3,0.5,0.3,0.3,0.0,0.25,0.1,0.7,0.5,0.5,0.85,0.7
212,1.0,1.0,1.0,1.0,1.0,1.0,0.3175,0.27,0.7949999999999999,23.0,0.2,0.55,0.3,0.5,0.3,0.3,0.0,0.25,0.1,0.7,0.5,0.5,0.85,0.7
213,1.0,1.0,1.0,1.0,1.0,1.0,0.3175,0.27,0.7949999999999999,23.0,0.2,0.55,0.3,0.5,0.3,0.3,0.0,0.25,0.1,0.7,0.5,0.5,0.85,0.7
214,1.0,1.0,1.0,1.0,1.0,1.0,0.3175,0.27,0.7949999999999999,23.0,0.2,0.55,0.3,0.5,0.3,0.3,0.0,0.25,0.1,0.7,0.5,0.5,0.85,0.7
215,1.0,1.0,1.0,1.0,1.0,1.0,0.3175,0.27,0.7949999999999999,23.0,0.2,0.55,0.3,0.5,0.3,0.3,0.0,0.25,0.1,0.7,0.5,0.5,0.85,0.7
216,1.0,1.0,1.0,1.0,1.0,1.0,0.3175,0.27,0.7949999999999999,23.0,0.2,0.55,0.3,0.5,0.3,0.3,0.0,0.25,0.1,0.7,0.5,0.5,0.85,0.7
217,1.0,1.0,1.0,1.0,1.0,1.0,0.3175,0.27,0.7949999999999999,23.0,0.2,0.55,0.3,0.5,0.3,0.3,0.0,0.25,0.1,0.7,0.5,0.5,0.85,0.7
218,1.0,1.0,1.0,1.0,1.0,1.0,0.3175,0.27,0.7949999999999999,23.0,0.2,0.55,0.3,0.5,0.3,0.3,0.0,0.25,0.1,0.7,0.5,0.5,0.85,0.7
219,1.0,1.0,1.0,1.0,1.0,1.0,0.3175,0.27,0.7949999999999999,23.0,0.2,0.55,0.3,0.5,0.3,0.3,0.0,0.25,0.1,0.7,0.5,0.5,0.85,0.7
220,1.0,1.0,1.0,1.0,1.0,1.0,0.3175,0.27,0.7949999999999999,23.0,0.2,0.55,0.3,0.5,0.3,0.3,0.0,0.25,0.1,0.7,0.5,0.5,0.85,0.7
221,1.0,1.0,1.0,1.0,1.0,1.0,0.3175,0.27,0.7949999999999999,23.0,0.2,0.55,0.3,0.5,0.3,0.3,0.0,0.25,0.1,0.7,0.5,0.5,0.85,0.7
222,1.0,1.0,1.0,1.0,1.0,1.0,0.3175,0.27,0.7949999999999999,23.0,0.2,0.55,0.3,0.5,0.3,0.3,0.0,0.25,0.1,0.7,0.5,0.5,0.85,0.7
223,1.0,1.0,1.0,1.0,1.0,1.0,0.3175,0.27,0.7949999999999999,23.0,0.2,0.55,0.3,0.5,0.3,0.3,0.0,0.25,0.1,0.7,0.5,0.5,0.85,0.7
224,1.0,1.0,1.0,1.0,1.0,1.0,0.3175,0.27,0.7949999999999999,23.0,0.2,0.55,0.3,0.5,0.3,0.3,0.0,0.25,0.1,0.7,0.5,0.5,0.85,0.7
225,1.0,1.0,1.0,1.0,1.0,1.0,0.3175,0.27,0.7949999999999999,23.0,0.2,0.55,0.3,0.5,0.3,0.3,0.0,0.25,0.1,0.7,0.5,0.5,0.85,0.7
226,1.0,1.0,1.0,1.0,1.0,1.0,0.3175,0.27,0.7949999999999999,23.0,0.2,0.55,0.3,0.5,0.3,0.3,0.0,0.25,0.1,0.7,0.5,0.5,0.85,0.7
227,1.0,1.0,1.0,1.0,1.0,1.0,0.3175,0.27,0.7949999999999999,23.0,0.2,0.55,0.3,0.5,0.3,0.3,0.0,0.25,0.1,0.7,0.5,0.5,0.85,0.7
228,1.0,1.0,1.0,1.0,1.0,1.0,0.3175,0.27,0.7949999999999999,23.0,0.2,0.55,0.3,0.5,0.3,0.3,0.0,0.25,0.1,0.7,0.5,0.5,0.85,0.7
229,1.0,1.0,1.0,1.0,1.0,1.0,0.3175,0.27,0.7949999999999999,23.0,0.2,0.55,0.3,0.5,0.3,0.3,0.0,0.25,0.1,0.7,0.5,0.5,0.85,0.7
230,1.0,1.0,1.0,1.0,1.0,1.0,0.3175,0.27,0.7949999999999999,23.0,0.2,0.55,0.3,0.5,0.3,0.3,0.0,0.25,0.1,0.7,0.5,0.5,0.85,0.7
231,1.0,1.0,1.0,1.0,1.0,1.0,0.3175,0.27,0.7949999999999999,23.0,0.2,0.55,0.3,0.5,0.3,0.3,0.0,0.25,0.1,0.7,0.5,0.5,0.85,0.7
232,1.0,1.0,1.0,1.0,1.0,1.0,0.3175,0.27,0.7949999999999999,23.0,0.2,0.55,0.3,0.5,0.3,0.3,0.0,0.25,0.1,0.7,0.5,0.5,0.85,0.7
233,1.0,1.0,1.0,1.0,1.0,1.0,0.3175,0.27,0.7949999999999999,23.0,0.2,0.55,0.3,0.5,0.3,0.3,0.0,0.25,0.1,0.7,0.5,0.5,0.85,0.7
234,1.0,1.0,1.0,1.0,1.0,1.0,0.3175,0.27,0.7949999999999999,23.0,0.2,0.55,0.3,0.5,0.3,0.3,0.0,0.25,0.1,0.7,0.5,0.5,0.85,0.7
235,1.0,1.0,1.0,1.0,1.0,1.0,0.3175,0.27,0.7949999999999999,23.0,0.2,0.55,0.3,0.5,0.3,0.3,0.0,0.25,0.1,0.7,0.5,0.5,0.85,0.7
236,1.0,1.0,1.0,1.0,1.0,1.0,0.3175,0.27,0.7949999999999999,23.0,0.2,0.55,0.3,0.5,0.3,0.3,0.0,0.25,0.1,0.7,0.5,0.5,0.85,0.7
237,1.0,1.0,1.0,1.0,1.0,1.0,0.3175,0.27,0.7949999999999999,23.0,0.2,0.55,0.3,0.5,0.3,0.3,0.0,0.25,0.1,0.7,0.5,0.5,0.85,0.7
238,1.0,1.0,1.0,1.0,1.0,1.0,0.3175,0.27,0.7949999999999999,23.0,0.2,0.55,0.3,0.5,0.3,0.3,0.0,0.25,0.1,0.7,0.5,0.5,0.85,0.7
239,1.0,1.0,1.0,1.0,1.0,1.0,0.3175,0.27,0.7949999999999999,23.0,0.2,0.55,0.3,0.5,0.3,0.3,0.0,0.25,0.1,0.7,0.5,0.5,0.85,0.7
240,1.0,1.0,1.0,1.0,1.0,1.0,0.3175,0.27,0.7949999999999999,23.0,0.2,0.55,0.3,0.5,0.3,0.3,0.0,0.25,0.1,0.7,0.5,0.5,0.85,0.7
241,1.0,1.0,1.0,1.0,1.0,1.0,0.3175,0.27,0.7949999999999999,23.0,0.2,0.55,0.3,0.5,0.3,0.3,0.0,0.25,0.1,0.7,0.5,0.5,0.85,0.7
242,1.0,1.0,1.0,1.0,1.0,1.0,0.3175,0.27,0.7949999999999999,23.0,0.2,0.55,0.3,0.5,0.3,0.3,0.0,0.25,0.1,0.7,0.5,0.5,0.85,0.7
243,1.0,1.0,1.0,1.0,1.0,1.0,0.3175,0.27,0.7949999999999999,23.0,0.2,0.55,0.3,0.5,0.3,0.3,0.0,0.25,0.1,0.7,0.5,0.5,0.85,0.7
244,1.0,1.0,1.0,1.0,1.0,1.0,0.3175,0.27,0.7949999999999999,23.0,0.2,0.55,0.3,0.5,0.3,0.3,0.0,0.25,0.1,0.7,0.5,0.5,0.85,0.7
245,1.0,1.0,1.0,1.0,1.0,1.0,0.3175,0.27,0.7949999999999999,23.0,0.2,0.55,0.3,0.5,0.3,0.3,0.0,0.25,0.1,0.7,0.5,0.5,0.85,0.7
246,1.0,1.0,1.0,1.0,1.0,1.0,0.3175,0.27,0.7949999999999999,23.0,0.2,0.55,0.3,0.5,0.3,0.3,0.0,0.25,0.1,0.7,0.5,0.5,0.85,0.7
247,1.0,1.0,1.0,1.0,1.0,1.0,0.3175,0.27,0.7949999999999999,23.0,0.2,0.55,0.3,0.5,0.3,0.3,0.0,0.25,0.1,0.7,0.5,0.5,0.85,0.7
248,1.0,1.0,1.0,1.0,1.0,1.0,0.3175,0.27,0.7949999999999999,23.0,0.2,0.55,0.3,0.5,0.3,0.3,0.0,0.25,0.1,0.7,0.5,0.5,0.85,0.7
249,1.0,1.0,1.0,1.0,1.0,1.0,0.3175,0.27,0.7949999999999999,23.0,0.2,0.55,0.3,0.5,0.3,0.3,0.0,0.25,0.1,0.7,0.5,0.5,0.85,0.7
250,1.0,1.0,1.0,1.0,1.0,1.0,0.3175,0.27,0.7949999999999999,23.0,0.2,0.55,0.3,0.5,0.3,0.3,0.0,0.25,0.1,0.7,0.5,0.5,0.85,0.7
251,1.0,1.0,1.0,1.0,1.0,1.0,0.3175,0.27,0.7949999999999999,23.0,0.2,0.55,0.3,0.5,0.3,0.3,0.0,0.25,0.1,0.7,0.5,0.5,0.85,0.7
252,1.0,1.0,1.0,1.0,1.0,1.0,0.3175,0.27,0.7949999999999999,23.0,0.2,0.55,0.3,0.5,0.3,0.3,0.0,0.25,0.1,0.7,0.5,0.5,0.85,0.7
253,1.0,1.0,1.0,1.0,1.0,1.0,0.3175,0.27,0.7949999999999999,23.0,0.2,0.55,0.3,0.5,0.3,0.3,0.0,0.25,0.1,0.7,0.5,0.5,0.85,0.7
254,1.0,1.0,1.0,1.0,1.0,1.0,0.3175,0.27,0.7949999999999999,23.0,0.2,0.55,0.3,0.5,0.3,0.3,0.0,0.25,0.1,0.7,0.5,0.5,0.85,0.7
255,1.0,1.0,1.0,1.0,1.0,1.0,0.3175,0.27,0.7949999999999999,23.0,0.2,0.55,0.3,0.5,0.3,0.3,0.0,0.25,0.1,0.7,0.5,0.5,0.85,0.7
256,1.0,1.0,1.0,1.0,1.0,1.0,0.3175,0.27,0.7949999999999999,23.0,0.2,0.55,0.3,0.5,0.3,0.3,0.0,0.25,0.1,0.7,0.5,0.5,0.85,0.7
257,1.0,1.0,1.0,1.0,1.0,1.0,0.3175,0.27,0.7949999999999999,23.0,0.2,0.55,0.3,0.5,0.3,0.3,0.0,0.25,0.1,0.7,0.5,0.5,0.85,0.7
258,1.0,1.0,1.0,1.0,1.0,1.0,0.3175,0.27,0.7949999999999999,23.0,0.2,0.55,0.3,0.5,0.3,0.3,0.0,0.25,0.1,0.7,0.5,0.5,0.85,0.7
259,1.0,1.0,1.0,1.0,1.0,1.0,0.3175,0.27,0.7949999999999999,23.0,0.2,0.55,0.3,0.5,0.3,0.3,0.0,0.25,0.1,0.7,0.5,0.5,0.85,0.7
260,1.0,1.0,1.0,1.0,1.0,1.0,0.3175,0.27,0.7949999999999999,23.0,0.2,0.55,0.3,0.5,0.3,0.3,0.0,0.25,0.1,0.7,0.5,0.5,0.85,0.7
261,1.0,1.0,1.0,1.0,1.0,1.0,0.3175,0.27,0.7949999999999999,23.0,0.2,0.55,0.3,0.5,0.3,0.3,0.0,0.25,0.1,0.7,0.5,0.5,0.85,0.7
262,1.0,1.0,1.0,1.0,1.0,1.0,0.3175,0.27,0.7949999999999999,23.0,0.2,0.55,0.3,0.5,0.3,0.3,0.0,0.25,0.1,0.7,0.5,0.5,0.85,0.7
263,1.0,1.0,1.0,1.0,1.0,1.0,0.3175,0.27,0.7949999999999999,23.0,0.2,0.55,0.3,0.5,0.3,0.3,0.0,0.25,0.1,0.7,0.5,0.5,0.85,0.7
264,1.0,1.0,1.0,1.0,1.0,1.0,0.3175,0.27,0.7949999999999999,23.0,0.2,0.55,0.3,0.5,0.3,0.3,0.0,0.25,0.1,0.7,0.5,0.5,0.85,0.7
265,1.0,1.0,1.0,1.0,1.0,1.0,0.3175,0.27,0.7949999999999999,23.0,0.2,0.55,0.3,0.5,0.3,0.3,0.0,0.25,0.1,0.7,0.5,0.5,0.85,0.7
266,1.0,1.0,1.0,1.0,1.0,1.0,0.3175,0.27,0.7949999999999999,23.0,0.2,0.55,0.3,0.5,0.3,0.3,0.0,0.25,0.1,0.7,0.5,0.5,0.85,0.7
267,1.0,1.0,1.0,1.0,1.0,1.0,0.3175,0.27,0.7949999999999999,23.0,0.2,0.55,0.3,0.5,0.3,0.3,0.0,0.25,0.1,0.7,0.5,0.5,0.85,0.7
268,1.0,1.0,1.0,1.0,1.0,1.0,0.3175,0.27,0.7949999999999999,23.0,0.2,0.55,0.3,0.5,0.3,0.3,0.0,0.25,0.1,0.7,0.5,0.5,0.85,0.7
269,1.0,1.0,1.0,1.0,1.0,1.0,0.3175,0.27,0.7949999999999999,23.0,0.2,0.55,0.3,0.5,0.3,0.3,0.0,0.25,0.1,0.7,0.5,0.5,0.85,0.7
270,1.0,1.0,1.0,1.0,1.0,1.0,0.3175,0.27,0.7949999999999999,23.0,0.2,0.55,0.3,0.5,0.3,0.3,0.0,0.25,0.1,0.7,0.5,0.5,0.85,0.7
271,1.0,1.0,1.0,1.0,1.0,1.0,0.3175,0.27,0.7949999999999999,23.0,0.2,0.55,0.3,0.5,0.3,0.3,0.0,0.25,0.1,0.7,0.5,0.5,0.85,0.7
272,1.0,1.0,1.0,1.0,1.0,1.0,0.3175,0.27,0.7949999999999999,23.0,0.2,0.55,0.3,0.5,0.3,0.3,0.0,0.25,0.1,0.7,0.5,0.5,0.85,0.7
273,1.0,1.0,1.0,1.0,1.0,1.0,0.3175,0.27,0.7949999999999999,23.0,0.2,0.55,0.3,0.5,0.3,0.3,0.0,0.25,0.1,0.7,0.5,0.5,0.85,0.7
274,1.0,1.0,1.0,1.0,1.0,1.0,0.3175,0.27,0.7949999999999999,23.0,0.2,0.55,0.3,0.5,0.3,0.3,0.0,0.25,0.1,0.7,0.5,0.5,0.85,0.7
275,1.0,1.0,1.0,1.0,1.0,1.0,0.3175,0.27,0.7949999999999999,23.0,0.2,0.55,0.3,0.5,0.3,0.3,0.0,0.25,0.1,0.7,0.5,0.5,0.85,0.7
276,1.0,1.0,1.0,1.0,1.0,1.0,0.3175,0.27,0.7949999999999999,23.0,0.2,0.55,0.3,0.5,0.3,0.3,0.0,0.25,0.1,0.7,0.5,0.5,0.85,0.7
277,1.0,1.0,1.0,1.0,1.0,1.0,0.3175,0.27,0.7949999999999999,23.0,0.2,0.55,0.3,0.5,0.3,0.3,0.0,0.25,0.1,0.7,0.5,0.5,0.85,0.7
278,1.0,1.0,1.0,1.0,1.0,1.0,0.3175,0.27,0.7949999999999999,23.0,0.2,0.55,0.3,0.5,0.3,0.3,0.0,0.25,0.1,0.7,0.5,0.5,0.85,0.7
279,1.0,1.0,1.0,1.0,1.0,1.0,0.3175,0.27,0.7949999999999999,23.0,0.2,0.55,0.3,0.5,0.3,0.3,0.0,0.25,0.1,0.7,0.5,0.5,0.85,0.7
280,1.0,1.0,1.0,1.0,1.0,1.0,0.3175,0.27,0.7949999999999999,23.0,0.2,0.55,0.3,0.5,0.3,0.3,0.0,0.25,0.1,0.7,0.5,0.5,0.85,0.7
281,1.0,1.0,1.0,1.0,1.0,1.0,0.3175,0.27,0.7949999999999999,23.0,0.2,0.55,0.3,0.5,0.3,0.3,0.0,0.25,0.1,0.7,0.5,0.5,0.85,0.7
282,1.0,1.0,1.0,1.0,1.0,1.0,0.3175,0.27,0.7949999999999999,23.0,0.2,0.55,0.3,0.5,0.3,0.3,0.0,0.25,0.1,0.7,0.5,0.5,0.85,0.7
283,1.0,1.0,1.0,1.0,1.0,1.0,0.3175,0.27,0.7949999999999999,23.0,0.2,0.55,0.3,0.5,0.3,0.3,0.0,0.25,0.1,0.7,0.5,0.5,0.85,0.7
284,1.0,1.0,1.0,1.0,1.0,1.0,0.3175,0.27,0.7949999999999999,23.0,0.2,0.55,0.3,0.5,0.3,0.3,0.0,0.25,0.1,0.7,0.5,0.5,0.85,0.7
285,1.0,1.0,1.0,1.0,1.0,1.0,0.3175,0.27,0.7949999999999999,23.0,0.2,0.55,0.3,0.5,0.3,0.3,0.0,0.25,0.1,0.7,0.5,0.5,0.85,0.7
286,1.0,1.0,1.0,1.0,1.0,1.0,0.3175,0.27,0.7949999999999999,23.0,0.2,0.55,0.3,0.5,0.3,0.3,0.0,0.25,0.1,0.7,0.5,0.5,0.85,0.7
287,1.0,1.0,1.0,1.0,1.0,1.0,0.3175,0.27,0.7949999999999999,23.0,0.2,0.55,0.3,0.5,0.3,0.3,0.0,0.25,0.1,0.7,0.5,0.5,0.85,0.7
288,1.0,1.0,1.0,1.0,1.0,1.0,0.3175,0.27,0.7949999999999999,23.0,0.2,0.55,0.3,0.5,0.3,0.3,0.0,0.25,0.1,0.7,0.5,0.5,0.85,0.7
289,1.0,1.0,1.0,1.0,1.0,1.0,0.3175,0.27,0.7949999999999999,23.0,0.2,0.55,0.3,0.5,0.3,0.3,0.0,0.25,0.1,0.7,0.5,0.5,0.85,0.7
290,1.0,1.0,1.0,1.0,1.0,1.0,0.3175,0.27,0.7949999999999999,23.0,0.2,0.55,0.3,0.5,0.3,0.3,0.0,0.25,0.1,0.7,0.5,0.5,0.85,0.7
291,1.0,1.0,1.0,1.0,1.0,1.0,0.3175,0.27,0.7949999999999999,23.0,0.2,0.55,0.3,0.5,0.3,0.3,0.0,0.25,0.1,0.7,0.5,0.5,0.85,0.7
292,1.0,1.0,1.0,1.0,1.0,1.0,0.3175,0.27,0.7949999999999999,23.0,0.2,0.55,0.3,0.5,0.3,0.3,0.0,0.25,0.1,0.7,0.5,0.5,0.85,0.7
293,1.0,1.0,1.0,1.0,1.0,1.0,0.3175,0.27,0.7949999999999999,23.0,0.2,0.55,0.3,0.5,0.3,0.3,0.0,0.25,0.1,0.7,0.5,0.5,0.85,0.7
294,1.0,1.0,1.0,1.0,1.0,1.0,0.3175,0.27,0.7949999999999999,23.0,0.2,0.55,0.3,0.5,0.3,0.3,0.0,0.25,0.1,0.7,0.5,0.5,0.85,0.7
295,1.0,1.0,1.0,1.0,1.0,1.0,0.3175,0.27,0.7949999999999999,23.0,0.2,0.55,0.3,0.5,0.3,0.3,0.0,0.25,0.1,0.7,0.5,0.5,0.85,0.7
296,1.0,1.0,1.0,1.0,1.0,1.0,0.3175,0.27,0.7949999999999999,23.0,0.2,0.55,0.3,0.5,0.3,0.3,0.0,0.25,0.1,0.7,0.5,0.5,0.85,0.7
297,1.0,1.0,1.0,1.0,1.0,1.0,0.3175,0.27,0.7949999999999999,23.0,0.2,0.55,0.3,0.5,0.3,0.3,0.0,0.25,0.1,0.7,0.5,0.5,0.85,0.7
298,1.0,1.0,1.0,1.0,1.0,1.0,0.3175,0.27,0.7949999999999999,23.0,0.2,0.55,0.3,0.5,0.3,0.3,0.0,0.25,0.1,0.7,0.5,0.5,0.85,0.7
299,1.0,1.0,1.0,1.0,1.0,1.0,0.3175,0.27,0.7949999999999999,23.0,0.2,0.55,0.3,0.5,0.3,0.3,0.0,0.25,0.1,0.7,0.5,0.5,0.85,0.7
300,1.0,1.0,1.0,1.0,1.0,1.0,0.3175,0.27,0.7949999999999999,23.0,0.2,0.55,0.3,0.5,0.3,0.3,0.0,0.25,0.1,0.7,0.5,0.5,0.85,0.7
